2.1544828748679934,31.676511764526367,0,0,0.82969235527345275,0.70223562976408871,0.95145322509034758,0.99806741203455296,0.80940602474649814,0.80329413251376425,0.80327637848745759,0.16577756205824612,29752.091538313478,44671.528934292612,46265.316536342332,55350.384919512515,62918.801507803248,59879.228548861633,57457.892615029145,57523.288910467243,46596.69224249995,39345.167776948234,29454.223758832835,28787.520037360842,0.90246092338614592,0.19617855871678244,0.29999999999999999,0.29999999999999999,0.30000011909003566,0.300020956655005,0.30000026326967222,0.30000056026722682,0.58010042837191955,0.29999999999999999,0.74741625733944406,0.30327647252997186,0.30002311916914998,0.30000020474498496,0.30000090349809283,0.30002657848908248,0.29999999999999999,0.30089703577538268,0.55992118464221208,0.30951048303797957,0.29999999999999999,0.30002571910652792,0.29999999999999999,
2.0290092228645902,32.076648712158203,0,0,0.81940410615000969,0.75069555415273626,0.99894382320179054,0.99576170877542058,0.81427984673774301,0.842450618098467,0.80305348228433371,0.19512454392394224,29767.376522359002,44726.286627780792,46428.887798429729,55434.613925178448,70222.269643656269,59160.576985446634,53874.90092892135,56039.690694421784,42508.752141215409,42576.660107656535,35204.062906161162,28120.621109505795,0.8973575485724179,0.24491862050714014,0.29999999999999999,0.30006657166261108,0.30000000673175659,0.300001961587403,0.30000268576439892,0.30001316737033312,0.52791350523296343,0.3000000672174426,0.72820678883741863,0.30020273065710901,0.30000043130625642,0.30000578071993189,0.30000008847516502,0.30004715443112673,0.30650306149496298,0.37593444845848051,0.60025899332251875,0.33662949898153888,0.29999999999999999,0.29999999999999999,0.29999999999999999,
15.306241355652348,7.7151679992675781,0,0,0.17856016561658128,0.99898508173523393,0.99625855076103131,0.98116726863010684,0.3590083298333786,0.87510354306055371,0.99590202760116153,0.20088647896088493,20100.915362588217,44813.782364391132,46784.075063817232,71301.412521866776,56961.64580107206,55302.354835674931,53807.029200191893,52663.922704472367,41374.461338505374,44487.075928759958,37657.97875497421,30494.565993194228,0.99849283891681662,0.20127328445650022,0.34718970709708913,0.30070714554898048,0.30000002637570022,0.30003050327534919,0.30001715230527581,0.30156984568104667,0.38646210324795999,0.8371953617992951,0.84992987820141142,0.84220399097050447,0.30001265089230722,0.3314134865873436,0.30107738667230094,0.30016415388057688,0.61151549772999891,0.32949979233542487,0.57187088934749275,0.3003130428377343,0.31271516087693485,0.32199095339930678,0.38900130982890085,
1.5432627547190967,37.570793151855469,0,0,0.030927026438521955,0.69370686890543332,0.9923417904159969,0.99844834011324457,0.83058661713295212,0.78071125252601914,0.80042576026948176,0.19060683955087301,29194.170663293069,44637.724882536117,47132.116870975893,55482.927963756905,65879.349066204537,59656.324049386756,56679.397124287258,53176.060584364597,45202.804511168317,44768.581259785584,34557.773826977114,28907.096927077335,0.9307415524498226,0.32231608294509323,0.30011366665282269,0.30000088576055339,0.30000022628909734,0.30000296066097604,0.30000002699812101,0.30000085841485546,0.38887930692545636,0.30000651726197031,0.30001021086937052,0.30000000933520682,0.30000046412900899,0.30000026519809664,0.30001192103957769,0.30005708183311419,0.30128537361504981,0.80429137483064594,0.59154942025188151,0.30031212656517237,0.30005395010630198,0.30089281169236343,0.30107216510248186,
9.9661354952823515,11.293848991394043,0,0,0.01923371193226581,0.99899999757504521,0.047812605777643749,0.99220167732323428,0.52379629490455049,0.81067858928375713,0.99668736222079291,0.20346721981295318,20160.13790943737,45527.764234795985,41600.561914184051,70203.432627547925,62878.787292545065,55763.460503322269,53674.706701593437,50937.326686718516,41657.26681406812,42913.118446294247,36385.768230362919,33677.637238829309,0.99493607828273967,0.26471782711756409,0.35499386618945827,0.33743952392673837,0.30000006843982108,0.30000126662840132,0.30001169602346306,0.30003416354923956,0.39020325184588256,0.52739166375325819,0.84519700940619102,0.84358565196872926,0.30000013170533868,0.30000257783673612,0.30000000613385064,0.29999999999999999,0.3008704800980716,0.46412325684412525,0.50212916075175129,0.29999999999999999,0.30024587442183637,0.30180960142077368,0.30000000007294197,
8.2032651696542143,14.869043350219727,0,0,0.0078487180561872018,0.99895020304508941,0.6277330345520753,0.99139459732784507,0.59545948649348213,0.60193167925901858,0.9967633637886345,0.20351432061670921,20627.292234443426,46295.833676295377,45776.671616313441,69989.433413227001,63680.288036138874,56306.655126053287,53852.048242477656,51978.358686460531,41708.933089388229,44764.913427777399,36350.308288641616,34439.013171706792,0.96075561235067208,0.26911136593578178,0.29999999999999999,0.30000884258255944,0.3000005117022756,0.30000193479341103,0.30000052398811033,0.30135516331325041,0.34409300065580117,0.42194959873613341,0.84364617704049849,0.84277655748171187,0.30000007748568264,0.30000938879891892,0.29999999999999999,0.30001657442012586,0.30012345349650149,0.33080372321050672,0.43107785788156971,0.31247875472950282,0.30011820407458123,0.43507556658822011,0.30026884160238104,
1.2971846937473674,39.769744873046875,0,0,0.057082952663870409,0.72764451288837995,0.99896913719791613,0.97714241215462472,0.84525778256166351,0.76055753616849431,0.79371011995823648,0.19197366460919979,29231.635552542088,44523.707828618819,47174.329179514993,70383.930178128619,66508.48893921815,60333.354256033374,58198.904665550326,54460.751849188775,46899.49990420667,42575.972668063536,31784.967000424167,28935.457230055967,0.9281363244254156,0.33653310851530954,0.30000112389445677,0.3000021125421598,0.30000015885933234,0.30000042822328032,0.30000001861189141,0.30000004703747735,0.39542582155051503,0.30000017541891855,0.30000000238055863,0.30001295358366842,0.30000003118626573,0.30000579321678167,0.30000040852309817,0.30000177375697001,0.3154978013794959,0.81105167461466476,0.5899457642097069,0.30020606769925712,0.3000038271886129,0.30005176419929286,0.30047643089698423,
7.8863247631371696,17.496355056762695,0,0,0.018000691948561867,0.99891972231110249,0.42657559286612706,0.99610952114724771,0.59613918615063988,0.70988239046745272,0.99676339158660376,0.20351415825445021,20627.295282614465,46223.306645751123,45496.852098387186,68246.81703641059,62526.952219654173,60464.84792342125,53934.871993665067,51844.458338281096,41714.818328739995,44765.127187660531,36347.662202762629,34476.363469682823,0.96075558026186691,0.2735579205344813,0.30002008621501292,0.30000163643363187,0.3000003879898418,0.30000330172542566,0.30000000066642152,0.30018108092772694,0.38462276746014967,0.40285137146630595,0.8437417433226293,0.84041843579368491,0.30000001950817323,0.30000000025530643,0.30000000060878196,0.30001462485693453,0.30176241465442599,0.33980387029714249,0.38307594742178974,0.32101765849007324,0.30000976637437665,0.43432683946637213,0.30001268746669979,
7.0191031087725202,19.342948913574219,0,0,0.39190237779066656,0.99899985819873083,0.69432975133163666,0.99833391261632864,0.62963869613066004,0.6841592329214442,0.99893156993084731,0.20352564909619592,23151.244889539492,47842.471949417268,47929.562403490367,65343.74064340203,64501.917346616108,70211.338096217791,55461.706914238835,54434.37588373261,43468.617406105186,43803.144487848425,37014.071108395969,33944.732734503719,0.99725671838602303,0.27696537768374113,0.30000223450688923,0.30002927765131249,0.30000436252977714,0.30000127776897595,0.30006803819503042,0.30006427106231165,0.32752765179604015,0.30038552829217924,0.84353236646162266,0.84996511319353307,0.30000462596501271,0.30000658772700506,0.30001197801478302,0.30029920325808568,0.31278902572293527,0.31700750378962106,0.49442613300277771,0.41184471327854433,0.30019015491597412,0.30587883439525809,0.65689884730086567,
9.5671121385993345,13.041013717651367,0,0,0.75368182582517196,0.99744947861928601,0.97562830315101767,0.99656943254116215,0.53934069936844331,0.78623681345235341,0.99897461424451528,0.2128316477761763,19691.994257332812,45606.166209648822,43460.465613871223,70926.287072162202,59236.284986119179,57645.134516261547,53479.547277797654,51238.724944899761,41293.962506147793,42392.969800728599,36993.101435577293,34846.749715774495,0.9757909945379718,0.25416754447287171,0.33339090472631877,0.30259249744381583,0.30742113012678229,0.30042205413363393,0.31159361639562844,0.30676398999544624,0.46547051577723364,0.50237873237513864,0.84982445951472008,0.84690725001087042,0.30046879871295329,0.30046125780706784,0.3004561450476067,0.31873325239138983,0.41155869137997708,0.32485427680812584,0.79468563162830796,0.30011638037397442,0.29999999999999999,0.43323299493250278,0.30036426745363609,
6.9933311040708466,20.824827194213867,0,0,0.39190237875730594,0.9989918493256531,0.65733273769398715,0.99833391261632864,0.62963869613066004,0.6841592329214442,0.99893156993084731,0.20352564909619592,23151.24488953959,47842.471949417268,47929.562403490367,65343.74064340203,64501.917346616108,70211.338096217834,55162.63177832307,54434.375883732559,43468.617406105186,43803.144487848425,37014.071108395969,33944.732429319898,0.99725671838602303,0.27696537768374113,0.30000223450688923,0.30002927774337895,0.3000043624081466,0.30000127776897595,0.30003142885079276,0.30006471775806004,0.32752765160111486,0.30030862217707821,0.84353236646162266,0.84996511356362936,0.30000462596501271,0.30000657781435519,0.30001200232256781,0.3000359369896059,0.31290018728363095,0.31700750378962106,0.49579169068287182,0.41184471327854433,0.30010204442877059,0.30002522871395199,0.30213122258382408,
6.5125173923433444,25.753938674926758,0,0,0.29403663932308943,0.99876453748479554,0.1423711380202661,0.99865202110304552,0.62347245042316801,0.72396471327573075,0.99665425826730636,0.087572367631434556,20825.487088577313,46506.743480875492,46905.322771160703,55177.526856945282,58385.487159208576,61161.287366080309,53870.304054447857,51594.262761615428,41726.300452478295,43533.105854794907,33888.01199382107,26518.949203706365,0.99507662760212612,0.27548443307539144,0.50623294754490344,0.30000867132149911,0.30000011396156179,0.30000003708868039,0.30004827253454475,0.30000008181388865,0.38457236230547293,0.4898431758440781,0.8489968746800346,0.84286823678017242,0.29999999999999999,0.30000005117898765,0.30004089851408922,0.3000322341288974,0.37360649958362718,0.4196022555561294,0.45886954197612367,0.30000030526209404,0.29999999999999999,0.43574579859001383,0.30000597461585438,
7.0410885270013335,19.121879577636719,0,0,0.25767799873414832,0.99899999988323518,0.49707584869814336,0.99797535438162566,0.6296387702784616,0.68386089430352914,0.99893156814801176,0.20352564909619592,23151.244890439899,47464.638697971597,47787.816098354429,65466.1715489985,64502.722671750977,70087.872133273384,55461.153070076871,54434.091064204738,43468.617406105201,43857.102830095078,37012.709407645933,34713.359587786974,0.99725526160610323,0.27696537770803875,0.30006285925198817,0.300029265546712,0.30002088197047633,0.30000363542499292,0.30006426212898829,0.300819907682082,0.39735513733618555,0.30118735727649665,0.8435324168070889,0.84996513243807437,0.30003458698497631,0.3000065731337947,0.30006095051516568,0.30003592428589321,0.32479478352315255,0.45221761808615207,0.44638077515203139,0.40759203578802722,0.30000121073704206,0.30001544525527191,0.3001521175722201,
1.9458244919769094,34.379829406738281,0,0,0.70144511308065738,0.75079313679915904,0.99899997941564034,0.99892583244822242,0.8239214217224633,0.84833956494679197,0.80305350482341897,0.21213024649315224,30115.738456618015,44713.206792205165,46430.227426682504,55373.139092309037,69483.165864844879,59321.459937588421,54234.066012809264,56676.768885379854,43758.282777229128,42162.384408623577,31988.074213410146,29468.757892696627,0.89668960339078307,0.24989919248950268,0.30001738475324324,0.30000068281772846,0.29999999999999999,0.30001410321816613,0.30000709547952931,0.30001300613081477,0.3806237542656663,0.30000666753004807,0.72914767594583851,0.30001122961768467,0.3000022573925718,0.3000000830376407,0.30000032633969603,0.30000746969598469,0.30047676873015278,0.3984197283175317,0.55039571781835295,0.36119238526929315,0.30006667809477389,0.30010968635686686,0.30000001209334187,
0.5634703844637069,43.055099487304688,0,0,0.8684109161583683,0.99897557043229712,0.25716353969278016,0.9665881495617793,0.85853249679262111,0.87218422044033916,0.79784407827352544,0.24429622123467185,31952.522605828413,44436.852267751608,57840.284332400312,59183.263039293524,64063.486913045053,64594.240368806117,58225.813264569922,57167.947998638483,53058.067096212893,43440.884450278449,31457.158299819133,27700.107063711181,0.90547799050586253,0.60693953429403269,0.30003093847061363,0.29999999999999999,0.30000003019078531,0.30000095920739495,0.30002880906088247,0.30057821818640879,0.30000211592292508,0.30001939414937451,0.29999999999999999,0.30001301482553433,0.30989376967284216,0.30000000890218959,0.30042444796634865,0.3004485325722972,0.30277139993312663,0.79413297986475118,0.73757558794656242,0.30001780839789494,0.30004075539635877,0.30004113349160294,0.30000098209580561,
9.9376003836160685,12.710807800292969,0,0,0.21318325367765262,0.99872054698337143,0.37834630530358904,0.99899704993825367,0.52028908293983145,0.79417614540331738,0.99669734608676841,0.20361344906065268,20363.82043975584,45060.831883360588,43836.844241485502,70247.136006260669,62207.772097847381,55706.266980938439,53068.853400811051,50606.419216072623,40772.167482995224,40843.670691572981,37350.284756935966,33736.606329483591,0.99733242893845653,0.26501005007288114,0.3000267419963959,0.33213650498821784,0.30000000184623055,0.30096239061162411,0.30005109799772178,0.30148589963826489,0.3446085227640831,0.54373793783451851,0.84970803696107111,0.84654924959642619,0.3000145904192798,0.30052260963894029,0.30000016670831542,0.30032167983383473,0.30206878575045537,0.4562615884598954,0.53173020245785896,0.66772051502897423,0.29999999999999999,0.42511800955401691,0.30122662239474252,
0.62532968725285154,42.956233978271484,0,0,0.86895164384924606,0.99891363149127421,0.99316173245575323,0.99864173918664123,0.84424219676368917,0.86818531532290655,0.80090222520472065,0.25851525009840826,31932.836356388831,44437.107354483567,57846.999329029582,59182.887670155818,63560.51020487526,64726.815284544093,58407.5278089653,56022.285341028488,47206.053070228329,42743.845097571342,31244.277194875824,27454.346219617746,0.90433373594975097,0.61384574362178945,0.29999999999999999,0.30002751695213126,0.30000000535875282,0.30000178309281683,0.29999999999999999,0.30203931346815993,0.3002875998218541,0.29999999999999999,0.30000004139718778,0.30002896438712923,0.3000000046704196,0.29999999999999999,0.3000006010052243,0.30018238785557133,0.30002578799065688,0.79180899463581844,0.77387630304567989,0.30000000242948482,0.30000005403168728,0.57885463410429827,0.30414584351025425,
1.3048080337594476,39.662693023681641,0,0,0.60640993299439039,0.72765408869832959,0.9989691370712388,0.97714915322633111,0.84525778250613559,0.76055874907080578,0.79371011995823648,0.19197366460919979,29231.635552542088,44523.707828618819,47174.329179514993,70348.516372516257,66445.156891874067,60655.269422149817,58198.904657531362,54437.675755485063,46887.152955065671,42575.968547529963,31820.445115718889,28935.457218458654,0.9281363244254156,0.33687139451057035,0.30000112389445677,0.30000210601139421,0.30000003242085094,0.30000091477150609,0.30000001840383422,0.30000004620971088,0.3954258216431415,0.30000016322451301,0.30000000218836043,0.30001295358054231,0.30000002849879598,0.30000587930853301,0.30000041083433826,0.30000179785646403,0.31529357733100083,0.81105167496219888,0.58909835124679011,0.30020606749171552,0.29999999999999999,0.30011868793446222,0.30028049683986535,
10.227785499962609,8.7481775283813477,0,0,0.88740048977054464,0.9989986320548303,0.6297367747200705,0.99298369972188227,0.52402011571043094,0.81077148717805203,0.99668734573825923,0.20352593231538393,20160.1378090365,46122.2991171182,41723.353699683903,69643.971177888787,62662.452411460836,56939.353656021391,54073.012770165114,51335.435561663275,41657.060697931709,44770.55349109802,37023.747070373473,34627.606018461665,0.99854611133930682,0.25199239561305731,0.35792550564796172,0.34030855635618085,0.30000003064104791,0.30000126662840132,0.3072891443025258,0.30008895880900466,0.3851917465025827,0.5265580288241597,0.84443415132493993,0.84342819333402597,0.30000013250018959,0.30000047909045863,0.30156636902866102,0.30372306209842742,0.30990556670685449,0.44032007059083328,0.59199578248487517,0.3126366967455354,0.30004857528715506,0.30061904865015782,0.30209641398170289,
10.210925713910093,9.2213888168334961,0,0,0.82825560025277434,0.9989986320548303,0.022361042124991903,0.99298369972188227,0.52402011571043094,0.81072156733082079,0.9966873454876829,0.20346627124557087,20160.1378090365,46122.2991171182,41723.353699683903,69279.7812182302,62663.145873597336,56470.179023100754,54073.012770165114,51307.398514276203,41642.953527314596,44770.553195317378,37023.747070373473,34573.281574977766,0.99842332683468393,0.25199239561305731,0.35792550564796172,0.34030855635618085,0.30000007156587116,0.30000126662840132,0.30722456765820011,0.30005374297308623,0.38077130766464773,0.5265580288241597,0.84518856100038919,0.84342844943892004,0.300000132449811,0.30000258795565082,0.3000480097951479,0.30199703412248263,0.30987567461748988,0.44032007059083328,0.59199577344878507,0.3126366967455354,0.30004857528715506,0.30061904865015782,0.30014498815876006,
1.6211181253746747,36.654296875,0,0,0.057198571868910586,0.69836126115847474,0.98640651273322044,0.99851908383828614,0.81060593585675123,0.73541111034534246,0.79382734964976631,0.19231066220080392,29196.368997593632,43770.958129015809,46769.190506051746,55606.540158442505,62811.640132778244,59487.499215771772,56277.033087930256,52650.039079656177,44968.424448903708,44910.934280879294,33517.069914410429,28928.267413797857,0.92762963273171228,0.33653159094065932,0.32994711619654482,0.30000115886144341,0.30000000166152457,0.3000016798211983,0.30000094381806613,0.30372524698979564,0.33245576096988649,0.30000005590998036,0.30000004525603424,0.30000072165124514,0.30000201041742491,0.30000000036303232,0.30000001331489828,0.30000001337530674,0.30013505632257842,0.82153055714880618,0.30125063388466411,0.30000018353353769,0.30002804224752605,0.30000933007508152,0.30000434209996596,
5.9617708667171705,28.272245407104492,0,0,0.18483228716390027,0.99899989303370929,0.60166029174222146,0.999,0.63568187818276467,0.78625685512673027,0.99784597750461557,0.061192728684099904,20717.79649627857,45994.529143723325,46755.339201127259,54284.511095558366,57887.245175658507,55298.326614499339,53340.728182817104,50302.844762737477,41296.543419397989,42590.093157325107,34018.246124446632,26944.705986742327,0.96214293471152335,0.29333112111881637,0.56372501511679152,0.30000006312283001,0.30000036288691062,0.30000236384781115,0.30000305664938881,0.30137322455608589,0.74742572005201169,0.35106913413312163,0.84900493908641361,0.84872644205575687,0.30001916268000117,0.30000025641088152,0.29999999999999999,0.30004906155066163,0.29999999999999999,0.43364309670739809,0.43583579585130516,0.29999999999999999,0.30000605082453979,0.30154087444120958,0.66310571609370084,
1.9639770793801339,32.732685089111328,0,0,0.72009706834403264,0.75079281730201519,0.99899998473615781,0.99852986683692124,0.8239214217224633,0.84042426599426745,0.80305350482341897,0.21213024649315224,30124.021182008957,44713.206792205165,46430.227426682504,55373.139092309037,70334.230362898466,58683.198875235634,54228.459440962884,56676.768885379854,43820.292348174735,42639.972902360838,31926.080294983851,29499.309465063667,0.89668960715310875,0.24979662758797425,0.30007008555649339,0.30000010368101604,0.30000000002986232,0.3000141417159079,0.30000673264726735,0.30001295299970571,0.5307373194674021,0.30000696603170918,0.72914767594583851,0.30000723581874911,0.30000461394890593,0.30000818824092829,0.30000005392040219,0.30000746066467626,0.30032768725365072,0.35475155432556416,0.55048192332604651,0.35951908610517136,0.30006838884425086,0.30011388920067583,0.29999999999999999,
2.0024163694209904,32.208927154541016,0,0,0.72774655818770329,0.75079289452684106,0.9989999929571336,0.99548591299934253,0.81411643783362275,0.84148337994203548,0.80305350466025338,0.1957375948761847,30124.02066023798,44713.206792205136,46430.227411657164,55538.929826345688,69444.489994834061,58633.93972012469,54205.817738569996,56676.76888537901,43819.475539063766,42024.621116215043,31785.118214575137,29144.101394062418,0.89669003736735264,0.24981292673133737,0.29999999999999999,0.3000001540343698,0.30000016763842363,0.30000753655610213,0.30000012912071278,0.29999999999999999,0.53125688385480485,0.30000357289632923,0.72806671410221857,0.30001085622685497,0.29999999999999999,0.3000000413515308,0.30000084338773203,0.30003668631010993,0.30233493860801558,0.35713261291399767,0.47866943638413301,0.34210738482365122,0.30002396420682625,0.3003433544245554,0.29999999999999999,
2.8500888112057567,30.304576873779297,0,0,0.47242591039336768,0.99510421278148842,0.99896388935820046,0.96169161523213675,0.71521854074676849,0.84447310040273538,0.80267859386965512,0.2124903620721455,29399.686297311797,44879.385243028722,45719.432016676212,55231.310328683503,58341.977647168918,57827.914265386578,53166.323598352756,55782.774295721647,42559.306678099951,44940.373253174104,33083.666250379938,23774.257835310509,0.90523519247376927,0.31548716009396804,0.32868370226843413,0.30000283000707528,0.30000151013304938,0.30000179878358235,0.30000376699882142,0.30222352133430241,0.47266315014707477,0.29999999999999999,0.75862363890742002,0.30015860827322127,0.30555399732371041,0.30000012021012934,0.30000007135756662,0.30372542978052425,0.30355198514391474,0.32225632126146747,0.39843290180294894,0.34933221607630971,0.29999999999999999,0.31745663596510687,0.63162605773695413,
10.002964074921955,10.910895347595215,0,0,0.01894221449951923,0.99899998305497617,0.04781260894140188,0.99218587168191352,0.52379554655909455,0.81067858902613521,0.99668736158670124,0.20346629452127962,20160.137907942688,45527.900133917916,41732.196968258075,70203.427319737646,62636.1305520815,56450.430913927143,53674.412421102512,50937.326712676469,41643.191770567078,43131.838277946437,37391.047939052893,33677.637238829309,0.9950565254305479,0.26471782711756409,0.35499369148524912,0.33995560257663826,0.30000006848374672,0.30000125429957014,0.30001169602346306,0.3000163275769625,0.39020325217423768,0.52739272769621492,0.84519700940619102,0.84341214369068507,0.30000013490879923,0.30000258291767329,0.30031264683937481,0.30002407678088833,0.30071100244399207,0.46535690950542996,0.38607731543855678,0.30000039892033126,0.30024601660088118,0.30181571289170417,0.30000015484936859,
1.6483439154307971,36.069660186767578,0,0,0.057198281700119147,0.69836125189876219,0.9864065122579373,0.99852187430585815,0.81060593600275765,0.73541111051072705,0.7940626359957631,0.19231066227595595,29196.418309464523,43770.958129015809,46769.204488909803,55606.537283499885,63386.376468881637,59471.636208468262,56276.79654279173,52650.031215514296,44968.29518207629,44910.932541751077,33516.904230281238,28937.3596520143,0.92763417890538236,0.336531622676986,0.30079119794368964,0.30000055147862653,0.30000000547183359,0.30000003676361142,0.30000098394857394,0.30001521646624602,0.39036399720308462,0.30000694122036586,0.30000016570451088,0.30000007930763739,0.3000019445370995,0.30000000031103674,0.3000000132727122,0.30000449269592183,0.3001285299613104,0.80679470220982752,0.30849215263454638,0.30000010072810862,0.30002801010907465,0.3000004660693471,0.3000063812507528,
0.18801506703793316,51.672702789306641,0,0,0.021723185148258502,0.96130693505711551,0.0016637376059670007,0.99775810017527433,0.98090676749868011,0.90445676571912459,0.80781826237788812,0.20391221727060585,31995.497847011218,44556.796363399641,58682.156054709842,71524.838152790879,70492.596226029942,71337.331640503107,66914.513635611976,59650.457686640191,54700.483571003497,45385.944249865352,34552.205584047384,31903.278628028296,0.91429924317582256,0.62265486062161424,0.30000005230878363,0.30000015361275584,0.30000113471206979,0.30000191284390937,0.30000817375017291,0.29999999999999999,0.40308235672744974,0.32150452900795717,0.30000224775249323,0.30001607356317145,0.30001560489085038,0.30012967899568671,0.30009227591796733,0.30616377489784818,0.41411243303460044,0.80904732453270745,0.30001690369295664,0.3276599625073513,0.43101739289262736,0.30487309927028511,0.310700056925579,
6.855529575926103,25.588315963745117,0,0,0.57333227863219105,0.99855935421174891,0.51294470702013151,0.9982558323746914,0.62963770392142948,0.67732237498504111,0.99899940998838122,0.20352564852863872,23151.244894703526,47851.48814886676,49807.312794178491,65718.174244785187,65312.866605928073,71256.225023980194,55218.84632801963,54920.279790023509,43468.617407469006,44011.685425456708,37012.701054711404,34016.839099389559,0.99725647078036572,0.27692106487072415,0.30005022951278104,0.30003602580246086,0.30002281771814693,0.30002713497055972,0.30007461592895068,0.30216728699165279,0.33088257344856586,0.30751658318166392,0.84352740356478506,0.84996278316961116,0.30003828984959102,0.30025028931988601,0.30005748662603282,0.30077350249459633,0.32386806813029845,0.30070756307383256,0.68947795274878398,0.29999999999999999,0.30001523287138959,0.39159220310862097,0.30514077258335182,
0.20140270313944014,50.0849609375,0,0,0.011433789569358813,0.98791288215827966,0.022137676177345605,0.99864701853777438,0.96399859268986587,0.903856284389006,0.79877365769962871,0.20473601396515409,32101.308764913389,44697.637006898789,57213.172606099899,69873.272079321585,70327.202039483978,64652.614127132023,61755.343919405095,58303.617488763441,52706.956453676357,45226.218318514926,34750.47981159843,31278.866648673713,0.91423232262505227,0.62421702651966626,0.29999999999999999,0.30014740063340839,0.29999999999999999,0.29999999999999999,0.30010795725856743,0.29999999999999999,0.38902238284709001,0.32103429281176865,0.29999999999999999,0.30264016343848477,0.30000000859392556,0.30000007790295258,0.3001636474178398,0.30006536214687607,0.4056814512483965,0.82676680414615533,0.29999999999999999,0.3006662645728016,0.30001808295704968,0.30647650791948577,0.44605850328133873,
3.382408390168516,30.022666931152344,0,0,0.57156737756243048,0.99739065895730084,0.05459279245827179,0.99888856441022844,0.66504785545146239,0.78129538923605424,0.9968687001832901,0.20478270550992181,29915.385217487757,46439.063935752332,48142.791999881105,54472.756228243175,55879.975790180957,56967.790255010965,52924.431219825026,51157.504083302454,41289.613180878485,40947.806591994849,32385.146598991556,24417.235566724758,0.85342367137100639,0.3233340153245392,0.30107239780447581,0.29999999999999999,0.3000194638741438,0.30000019116404886,0.30000177892884722,0.30000994227173455,0.32838313048899004,0.30000229539475681,0.84409388735976254,0.30023375428423238,0.29999999999999999,0.30000000551693845,0.30004352580165422,0.30003635562041164,0.29999999999999999,0.31019139144522329,0.29999999999999999,0.29999999999999999,0.30002433785613192,0.42426513617957595,0.31115035041262168,
6.8676610337426398,25.253814697265625,0,0,0.57618856529034401,0.99855935421174891,0.51676778922852218,0.99852375229086654,0.62963770392142948,0.67732237498504111,0.99891886467920743,0.20352564852863872,23151.244901208418,47852.961894834159,49808.564971560743,65718.174244785187,65312.866605928073,71251.296385072535,55373.439167516022,54920.279790023509,43468.617407703896,44011.685415849664,37012.701054711404,34016.839099389559,0.99725647078036572,0.27692107265830451,0.30006885621184842,0.30003602580246086,0.3000228052768113,0.30002713497055972,0.30007461592895068,0.30216728429854522,0.33088288640208774,0.30751658301843027,0.84352740356478506,0.84996276901504475,0.30003829030394347,0.30025028931988601,0.30005748662603282,0.3007760776539643,0.69193298177467477,0.30465428193742228,0.57559629501206722,0.30008313523995828,0.30002261853030698,0.4488964773141263,0.30118976532426156,
6.917749791964197,21.821788787841797,0,0,0.40568948910774327,0.99897805444834331,0.49634295538285905,0.99899999997639177,0.62964052429288209,0.68416065664052905,0.99893156993084731,0.20352564909619592,23151.244889549249,47473.314038392731,47930.16851270086,65755.620066246978,64501.893169750343,70147.996650559333,55470.373997173469,54434.375729778396,43468.617406105361,43857.665384603359,37012.709407645933,33944.734731409917,0.99735821100011346,0.2769653772309113,0.30000000025602708,0.30002927413861158,0.30001019266879142,0.30000514619974838,0.30006788550364139,0.30023397796333295,0.3268081325010091,0.30290512143135556,0.84353236194615577,0.849965127289109,0.30000482909885529,0.3000000128105873,0.3000126197505269,0.30003593774195625,0.32393689777546397,0.3655783172451596,0.47558417667764985,0.41255768760906236,0.29999999999999999,0.44438346616866659,0.30000723730896045,
6.9096608146168572,22.015764236450195,0,0,0.40568948910774327,0.99897805444834331,0.49634295538285905,0.99899999997639177,0.62964052429288209,0.68416065664052905,0.99893156993084731,0.20352564909619592,23151.244889549249,47473.314038392731,47930.16851270086,65755.620066246978,64501.893169750343,70147.996650559333,55470.373997173469,54434.375729778396,43468.617406105361,43857.665384603359,37012.709407645933,33944.734731409917,0.99735821100011346,0.2769653772309113,0.30000000004632826,0.30002927413861158,0.30001019266879142,0.30000514619974838,0.30006788550364139,0.30023397796333295,0.3268081325010091,0.30290512143135556,0.84353236194615577,0.849965127289109,0.30000482909885529,0.3000000128105873,0.3000126197505269,0.30003593774195625,0.32393689777546397,0.3655783172451596,0.47558417667764985,0.41255768760906236,0.29999999999999999,0.30013200175156163,0.30000723730896045,
1.9524977870302664,33.120063781738281,0,0,0.80663415114712766,0.75339680276811716,0.99899999309974796,0.99855195900018767,0.82392585325895018,0.84114888394496634,0.80305360093071143,0.21391331267152464,29748.915806557114,44713.055530197678,46430.227425681507,55317.490924660517,69640.327132651888,59695.057202319629,53951.378866306688,56022.564060653123,43805.10140508788,42662.785937839712,31977.486558398985,29691.572171385225,0.896692421692865,0.24979969201334279,0.30001516142435763,0.30633224664878794,0.30000011676683686,0.30000200868079957,0.30000692328409651,0.30000432357334361,0.38375022236345108,0.30005409501013208,0.72915304846125562,0.30007062299896065,0.29999999999999999,0.30000000040584163,0.30000126410479727,0.30001004407046955,0.30233492710648169,0.35506183987497003,0.30274712500232748,0.35603071751679077,0.30000080736372703,0.29999999999999999,0.3095131475034899,
9.2980401752951494,13.677530288696289,0,0,0.084027569909353644,0.999,0.96053246743860998,0.99819055728623907,0.54436489818610023,0.77546579535471349,0.999,0.21113878884513512,19697.991913814734,45586.276854241209,42934.809758227275,70989.857615677945,62788.741634052545,56431.704750576217,53488.436536566936,51173.929617563794,41063.845824491924,41677.76583262028,35464.487422909937,33921.24801965095,0.97399484467412534,0.25492262024921875,0.30000011984703795,0.30000051828303487,0.30721990594986792,0.30000290735079382,0.30005992526833231,0.30016010198519893,0.3855574263808218,0.47567766488106411,0.84976540903245978,0.84781024152569717,0.30000014738196012,0.29999999999999999,0.30001077411903476,0.30000000003409327,0.29999999999999999,0.31197770331754188,0.4947181334144064,0.29999999999999999,0.29999999999999999,0.33224534919090559,0.58829890181969358,
15.342615002967158,7.142857551574707,0,0,0.18294799917441787,0.9989849767167156,0.99664574793997351,0.98116726863010684,0.3590083298333786,0.85621451150706862,0.99590202760116153,0.20088647896088493,20100.915362588217,44813.782364391132,46784.075063817232,71301.412521870123,56974.579397119684,55302.354835674931,53807.029200192781,52663.922704472367,41374.461338505374,44487.075928759958,37657.97875497421,30494.565993194228,0.9984928393189002,0.20127328445650022,0.34718970709708913,0.30070714554898048,0.30000002637570022,0.30002958489006687,0.30001715223641645,0.30156984647969776,0.3864567679255293,0.83719536008464801,0.84993946359599237,0.84273400494010053,0.30001245843043173,0.33141348641777746,0.30107738667230094,0.30091988244428858,0.6179883365741996,0.32949979228878457,0.57187088656392515,0.3003130428377343,0.31271516087693485,0.32199095339930678,0.38900130982890085,
10.303644845776869,8.2478609085083008,0,0,0.88739872051320856,0.9989986320548303,0.6297367747200705,0.99298369972188227,0.52402011571043094,0.81101956822804167,0.99668734573825923,0.20346628567198094,20160.1378090365,46122.2991171182,41723.353699683903,69643.971177888787,62662.452411460836,56939.353656021391,54073.012770165114,51335.435561663275,41657.060697931709,44770.55349109802,37023.747070373473,34627.612045353118,0.99854611133930682,0.25199239561305731,0.35792550564796172,0.34030855635618085,0.30000003064104791,0.30000126662840132,0.3072891443025258,0.30008895880900466,0.3851917465025827,0.5265580288241597,0.84443415122554355,0.84342819333402597,0.30000013250018959,0.30000047909045863,0.30000118444306761,0.30199977192088023,0.30990556670685449,0.63132928182760595,0.59199578248487517,0.31115109992938839,0.30004857528715506,0.30061904865015782,0.30209641398170289,
0.53531554271025339,43.153736114501953,0,0,0.86225140934047562,0.99899270382531702,0.93843714027053216,0.99889592502031122,0.86495647063052361,0.87928168915917204,0.79784407827352544,0.24555418515579028,31952.522605828413,44427.940118901242,57840.284332400312,59228.463810321708,66921.013426647987,64501.652955062375,58215.944379031585,57081.423169826725,53058.007295569514,44919.929364691947,31484.202341138898,27740.54847448556,0.90547309445649238,0.61277967362509844,0.30003093599627667,0.30000060710828935,0.30000003036657047,0.30000016250876799,0.30000010652015457,0.31774270021713319,0.29999999999999999,0.30001939392733035,0.30008933118080938,0.30000013333606812,0.30274969989302974,0.29999999999999999,0.3000000984311782,0.30030914714142787,0.30942676829070948,0.79694224487489385,0.73757558818084756,0.30000842666828081,0.30013436042343294,0.30005936293165647,0.29999999999999999,
0.26933964074063882,47.110382080078125,0,0,0.029243524292191278,0.79101643075418382,0.58028886777844479,0.99548285321078356,0.96817245310153166,0.88054139650371299,0.80763510643635905,0.26732154140555925,31949.830767690211,44428.084260734642,58507.52431165483,66124.374237102558,66957.11857760424,63225.409438885908,61510.265899500635,60769.77350347281,54364.519755549198,45407.068359749654,35419.266719423904,30448.159791178572,0.99203840992212966,0.60893910640084836,0.30000630787856492,0.29999999999999999,0.30000001046342339,0.30000112006989249,0.30000215373261929,0.30000484518950166,0.32856443659749879,0.29999999999999999,0.3000058226663741,0.29999999999999999,0.29999999999999999,0.30000017492021386,0.30001406410773257,0.30709644740148084,0.3093315299131808,0.84471675672932633,0.30785494665704594,0.68650558319327093,0.30002048642435425,0.3575072733843081,0.29999999999999999,
16.931363042387815,5.8321185111999512,0,0,0.033443393873349186,0.99884017090562083,0.042194216379447369,0.99547744496302382,0.35147530715505043,0.32006005078388983,0.99899915454283383,0.19874709467583968,20100.841967279939,44808.917920318789,46783.999070946738,55574.813027513635,58529.679933343956,56076.817208504726,53341.826400867387,54044.789252264847,42795.60546566351,44826.767445132558,37315.548264786295,30494.565165892418,0.99849414692976857,0.20127328445650022,0.52274764446139976,0.29999999999999999,0.30000000378017277,0.3000404510312073,0.30000021744059191,0.30157340532192506,0.38451930547094659,0.83822319789049748,0.84637430106438094,0.84280527849532894,0.30009721113029048,0.33000627095362145,0.30000410571091424,0.30001130988139435,0.32403345818427065,0.3699312282099928,0.4393928821956084,0.29999999999999999,0.30000353046832651,0.30004144944784639,0.41750707041529322,
0.22564334832709934,47.915740966796875,0,0,0.0041962107730089248,0.96809892445240553,0.99802778886375665,0.999,0.96361585541283779,0.87255968548157403,0.79125972487364427,0.22179252483859932,32093.810110400176,44588.521572010017,57209.667633485253,68102.951244283919,65263.100644119571,64935.492014205192,66024.967435529077,60374.011012580944,52685.469345732701,45179.502030498232,34747.196193619908,31290.740530597221,0.91423269985748701,0.62631807433285702,0.29999999999999999,0.30001062852209315,0.30000218291538439,0.29999999999999999,0.30000982899049011,0.30029040611426649,0.42003574701259744,0.3000118221497175,0.30000000002990573,0.30000139236713397,0.30002689718972453,0.30002101719563745,0.30026756498884988,0.30038649550508012,0.29999999999999999,0.8077538482684854,0.71666434380846677,0.30223940463031346,0.59970005516654346,0.55272756535623402,0.29999999999999999,
6.9378650748390145,21.028003692626953,0,0,0.4075842115549238,0.99897807748083833,0.49635138949612417,0.998999647386701,0.62964054107757983,0.68416065144315474,0.99893156991069953,0.20352564909619592,23151.244889549525,47474.04213749482,47930.210148386301,65737.206792620796,64501.893170736003,70207.152478085161,55461.772149975077,54434.375751194893,43468.617406105288,43857.655863750275,37012.709407645933,33944.734731407807,0.99735821112776668,0.27696537730582399,0.30000000113969838,0.30002944012913291,0.30001019297158321,0.30000515457125471,0.30006788569927695,0.3002340413858669,0.32756332605209942,0.30257803113702036,0.84353241743251506,0.84996512722541984,0.30000481934242129,0.30000000858170978,0.30005829606514722,0.30003565915954561,0.32393626515739188,0.36439553124320961,0.47835466517216596,0.41252368605591289,0.30001099768980583,0.30470255242802147,0.65672250443437896,
0.1985265975572221,50.423374176025391,0,0,0.0038613863587087438,0.98791270413690069,0.022141384138109597,0.99876057845276278,0.96399859268986587,0.903856284389006,0.79877365769962871,0.20473601396515409,32101.308764917525,44697.637006898789,57213.591844128416,69873.272079321585,69313.403959089977,65360.731428742816,61755.343919405095,58338.201176551993,52706.975247626819,45364.177316701549,34686.614022680937,31278.866620292971,0.91423232262505227,0.62421702651966626,0.29999999999999999,0.30001997220435939,0.3000000862913057,0.30000101640932736,0.30377719352508353,0.3004075515661167,0.29999999999999999,0.32103429281176865,0.29999999999999999,0.30264016343848477,0.30000000856904158,0.30000642073601214,0.30008619972837641,0.30006451112731969,0.40567759334141928,0.82676680414615533,0.30001069784238626,0.30339781674052374,0.30001808307117755,0.35977854440216406,0.30228200407476918,
6.4406021536579221,26.726123809814453,0,0,0.32193747931350813,0.99876273855645592,0.999,0.99865202110981532,0.62406547861104555,0.74028126820759221,0.99665425826730636,0.084705612259756383,20825.487088577313,46387.48377718369,46905.322771160703,55177.526853746531,58385.492542575237,61161.343477527771,53859.168590624729,51162.407923845436,41702.740611113346,42793.013057215605,33785.191330982416,26509.787750805677,0.99507662766669835,0.27548443307539144,0.49192146252383406,0.30000566479622598,0.30000000570890889,0.30000134308866394,0.30007771684637263,0.30000900456637519,0.34509229896467336,0.48601983879541194,0.84884389836779883,0.84286823678017242,0.29999999999999999,0.30001510180440155,0.30004089858840666,0.30003040604171022,0.37525151055410677,0.30052842922593648,0.4576302021648333,0.30000764144169895,0.29999999999999999,0.43574579806262814,0.30003064686804209,
2.4561110907192067,30.583885192871094,0,0,0.82737690444765077,0.93276253734892589,0.88351573581912457,0.99201460579061285,0.74575340696593406,0.8423208304371137,0.80098760834995864,0.21363241232913099,29199.977220569966,44709.019228353158,46427.16653991706,55487.253939291302,57541.341851193756,58265.33393116825,53932.46553504507,55785.969250114395,42594.592250639376,43396.085468733298,30065.051942644888,23540.19314773786,0.89734494918032592,0.30049599266565163,0.30017711852054929,0.30000843650176073,0.30000001722659719,0.29999999999999999,0.30000000122852627,0.29999999999999999,0.5247320849273196,0.29999999999999999,0.71908370243288999,0.30000442317877418,0.29999999999999999,0.30000054216594885,0.29999999999999999,0.29999999999999999,0.30479559360387393,0.32852943455124933,0.32311481993188562,0.29999999999999999,0.29999999999999999,0.35446053380250475,0.30000086140150717,
1.6356552769371706,36.187343597412109,0,0,0.057198571611644183,0.69836126125749853,0.99283339815731952,0.99851908384834775,0.81060593641204592,0.73541111051072705,0.79382733499841662,0.1923106613664701,29195.446125418424,43770.958129015809,46769.238547519119,55606.562050784851,62802.488284530358,59487.499190064547,56277.033089189106,52650.039031833745,44968.429328117127,44889.11341976386,34359.500123040096,28927.96063640188,0.92833798837957593,0.3365312596698084,0.33381312762476273,0.30000115884026185,0.3000000064713621,0.30000167241853748,0.30000091252378952,0.30373248763932104,0.39116387294669164,0.30013559226235575,0.30000007918235405,0.30000072438842246,0.30000191282632166,0.3000000003373321,0.30000000616885758,0.30000227984303968,0.30001738612808798,0.82176135490768065,0.30106791250252313,0.30000018363924796,0.30002804225098328,0.30000933764633603,0.30000434405478971,
2.404438352161582,30.998134613037109,0,0,0.78244984069914314,0.93276253795004216,0.68795815944321415,0.99555318714531948,0.74575340841466431,0.84322422947693254,0.80098760834995864,0.21534565109983567,29201.077173825644,44709.019228353158,46432.736006179926,55487.262322258437,57976.102203107293,58020.993784544989,53932.400757402604,55427.278173709434,43094.190951637662,39251.495184678701,30065.840012902343,23710.09648049415,0.88254115708913905,0.30049599266565163,0.29999999999999999,0.30000002032418865,0.30000001429512496,0.29999999999999999,0.30000001484621874,0.30000000029927876,0.52476710183549657,0.30000000011260319,0.72122076858275819,0.29999999999999999,0.30000000012680311,0.30000353498656307,0.29999999999999999,0.30000485289098994,0.30022675457341175,0.3289764698725639,0.52868066161196803,0.3000095482005144,0.30000114682093804,0.50275838981310206,0.30000000168109164,
6.8825072788141739,23.868972778320313,0,0,0.57333227885538252,0.99855935421174891,0.51294470702013151,0.99825583242355376,0.62963770392142948,0.67732237498504111,0.99899940998838122,0.20352564852863872,23151.244894703526,47851.48814886676,49807.312794165249,65718.174244785187,65312.866605928073,71256.225023980194,55218.84632801963,54920.279790023509,43468.617407469006,44011.685425456286,37012.701054711404,34016.839099389559,0.99725647078036572,0.27692106487072415,0.30005022951278104,0.30003602580246086,0.30002281771814693,0.30002713497055972,0.30007461592895068,0.30216728699165279,0.33088257344856586,0.30751658318166392,0.84352740356478506,0.84996278316961116,0.30003828984959102,0.30025028931988601,0.30005748662603282,0.30077350249459633,0.3238681334199236,0.30070756307383256,0.68947795274878398,0.57489375779409069,0.30072869402152136,0.31554121052107725,0.31761023104721736,
9.3473866658749643,13.363062858581543,0,0,0.0828896674369205,0.999,0.99624996822836198,0.99819055728623907,0.54436489818610023,0.77546579535471349,0.999,0.21113878884513512,19697.991913814734,45586.276854241209,42934.809758227275,70989.857615677945,62792.927388314609,56431.692642002541,53142.267078203753,51173.929617563794,41063.845824410098,41677.76583262028,35482.241653623845,33966.725507528325,0.97399484467412534,0.25492262024921875,0.30082961177868855,0.30133994460804314,0.30721990594986792,0.30001177398691942,0.30015921923802102,0.30047890180997944,0.38631647142150771,0.47567766488106411,0.8497654090434078,0.84781024152569717,0.30000021928216841,0.30000002488339578,0.30000489282056464,0.29999999999999999,0.30165146763196493,0.30075153290447365,0.78754416241764624,0.29999999999999999,0.29999999999999999,0.33224534948752138,0.58861551608398777,
6.2854726392012568,27.664167404174805,0,0,0.25920949872575316,0.84501574676111701,0.16422470435763434,0.999,0.63568187818276467,0.78818986759160092,0.99784851324831036,0.065297128410906069,20717.793749526958,46562.291873714836,46755.339270865203,54397.530165179756,58119.695559925145,55304.240609069901,53287.234647959529,50302.843939914725,41296.543419397989,42590.093157325107,33987.65271447962,26944.705986742327,0.96214293471152335,0.29333112111881637,0.55339619180965149,0.30008778836677036,0.30000004292864085,0.30000008065440398,0.30002996399274506,0.29999999999999999,0.38454825974408263,0.34535715351440194,0.84900493908641361,0.84872644205575687,0.31022342323132274,0.29999999999999999,0.30000230944612261,0.30119584189988574,0.30426202014752612,0.41035138929388393,0.52115430612630487,0.29999999999999999,0.29999999999999999,0.31100544707008426,0.65934879768391808,
3.2035448457628446,30.163951873779297,0,0,0.4841320675660698,0.95422129115863263,0.99460469854846711,0.99896169260520185,0.68585701964040358,0.80601932269824184,0.80194288011765558,0.21496879321549783,29207.776407267924,44661.531798231525,44828.049160095376,55575.446602603522,58605.954128503094,56962.017446854516,53716.390073050134,56348.354140585478,42612.880088466154,37662.650583954448,33457.339022698659,23434.041596137184,0.90384564406842793,0.30322909917292307,0.30139510244690698,0.30000278091182681,0.30000152188233831,0.3000073186351796,0.32014879859444417,0.29999999999999999,0.61925756368303153,0.30118932399076759,0.78927456269875618,0.29999999999999999,0.30002968797327745,0.30001140963728534,0.30026541665874135,0.30073864326030747,0.29999999999999999,0.32388032322022092,0.44741286650472623,0.30000001581093655,0.30000013282020449,0.35684060643120685,0.30012355844459065,
16.92134576171788,6.5205068588256836,0,0,0.052671351483317516,0.99884017090562083,0.042194216379447369,0.9954774452654036,0.35147530715505043,0.32006005078388983,0.99899915454283383,0.19874709467583968,20100.841967279939,44808.917920318789,46783.999070946738,55574.813027513635,58529.679933343956,56076.817208504726,53339.890395657065,54044.789252264847,42795.60546566351,44826.767445132558,37315.548264786295,30494.565165892418,0.99849414692976857,0.20127328445650022,0.52274764446139976,0.29999999999999999,0.30000000803482874,0.3000404510312073,0.30000014564021776,0.30157340532192506,0.38451930547094659,0.83822319789049748,0.84637430106438094,0.84280527849532894,0.30000517871991045,0.33000627095362145,0.3000040982110857,0.30001131004929321,0.33324106372484252,0.3699312282099928,0.4393928821956084,0.29999999999999999,0.30000130430991556,0.30004144944784639,0.30059346067970211,
6.3938559282101419,27.355060577392578,0,0,0.26046775909764747,0.99876271394316651,0.65587007480554049,0.99865202110981532,0.62406571051030058,0.74028122933420593,0.99665425826730636,0.084600361297677715,20825.487088577313,46510.487741913894,46905.322771160703,55177.526853745709,58385.489208132625,61161.240144203337,53870.151212442768,50616.808065386074,41702.740608045053,42755.495372001787,33780.509064520251,26518.949203706365,0.99507662766669835,0.27548443307539144,0.49149891922518119,0.29999999999999999,0.30000000485058093,0.30000353693703974,0.30003489371199893,0.30000619123217753,0.34430453273093448,0.43327565207920871,0.84884389836779883,0.84286823678017242,0.29999999999999999,0.3000151107612129,0.29999999999999999,0.30002944740199272,0.37525370383589002,0.3612904915632269,0.43892858174783661,0.30000756819323088,0.29999999999999999,0.43574579806262814,0.30001719840366387,
10.074383464291676,10.51400089263916,0,0,0.01894221449951923,0.99899998305497617,0.04781260894140188,0.99218587168191352,0.52379554655909455,0.81067858902613521,0.99668736158670124,0.20346629452127962,20160.137907942688,45527.900133917916,41839.785907278019,70203.427319737646,62636.1305520815,56450.430913927143,53674.412421102512,50937.326712676469,41643.191770567078,43131.838277946437,37391.047939052893,33677.637238829309,0.9950565254305479,0.26471782711756409,0.35499369148524912,0.33995560257663826,0.30000006848374672,0.30000125429957014,0.30001169602346306,0.3000163275769625,0.39020325217423768,0.52739272769621492,0.84519700940619102,0.84341214369068507,0.30000013490879923,0.30000258291767329,0.30031264683937481,0.30002407678088833,0.30071100244399207,0.66092079993358832,0.38607731543855678,0.30000039892033126,0.30024601660088118,0.30181571289170417,0.30000015484936859,
6.2749426762436977,27.817432403564453,0,0,0.0079399047744191566,0.8466141379646871,0.16690275578322672,0.99899999720635546,0.63568187818276467,0.78625684968760379,0.99784845356095375,0.065269729543652386,20717.793752098089,46564.853069987177,46755.339271990822,54405.378282853708,58119.695349308167,55304.385015786946,53340.519753587367,50301.911208113765,41296.543419397989,42590.093157325107,34017.452217725324,26944.705986742327,0.96214293471152335,0.29333112111881637,0.56302040957324018,0.30000011725563935,0.3000000001077483,0.30000000116990155,0.30000188394373839,0.300001650108014,0.38454814251751523,0.345185583920738,0.84900493908641361,0.84872644205575687,0.30005460914346732,0.29999999999999999,0.3000000203494475,0.3011796408497055,0.32402497362094879,0.42602442456899881,0.56157949382945394,0.30001589233498344,0.30003151365117764,0.30401267029141299,0.65779080786022803,
7.8973308688362014,17.251638412475586,0,0,0.018000691948561867,0.99891972231110249,0.42657559201527728,0.99610952093307659,0.59613918615063988,0.70988239046745272,0.99676339158660376,0.20351415825445021,20627.295282614465,46223.306907308317,45496.852098387186,68246.81703641059,62594.280830652577,60517.205021279726,53851.228559190036,51844.431730412347,41714.818328739995,44765.127119726647,36347.662202762855,35197.358401416088,0.96075558026186691,0.2735579205344813,0.30002008875718456,0.30000163646866551,0.30000004587647933,0.30000321003681968,0.30000000059291582,0.30018108039235802,0.38462576034255219,0.40485784558225418,0.8437417433226293,0.84007685904838236,0.30000000041486846,0.30000000520728137,0.30000000067352506,0.30000044325555347,0.30172034923160812,0.34002193425695232,0.30388619791585098,0.32101794142052537,0.30000082301097808,0.43432683954394202,0.29999999999999999,
3.4245631225817097,28.867513656616211,0,0,0.56650624062202548,0.99739065895730084,0.64058837403648561,0.99899061398030276,0.66504785545146239,0.7747259899571729,0.9968687001832901,0.20478269919213085,29915.385217487757,46439.063935752332,48142.791999881105,54589.877835472253,56147.166710583537,56967.790255010965,52661.551002378525,47719.357118135194,41289.613180878485,40975.968968561327,32385.146598991556,24527.530370625256,0.85597872805383235,0.3233340153245392,0.30107666490512103,0.29999999999999999,0.30000211091357137,0.30000599101122555,0.30005667948104858,0.30000990993592275,0.35826223934199813,0.30000609603744421,0.84409388735976254,0.3002346606567286,0.29999999999999999,0.30000000551693845,0.30003105448969242,0.30003634853970829,0.29999999999999999,0.31685663255929913,0.30422618502624349,0.29999999999999999,0.30002411505847748,0.42634841295079873,0.3001952509455923,
6.4678635170733632,26.082027435302734,0,0,0.29383516655158731,0.9987879910924452,0.16543313007436861,0.99865202110981532,0.62345319515905318,0.72396471327573075,0.99665425826730636,0.087566020430616648,20825.487088577283,46506.743480875492,46905.322771160703,55177.526853841271,58385.487133518443,61075.968618026265,53860.771251352249,50618.080917323095,41702.74060922135,43973.264809731678,33888.011723302639,26518.949203706365,0.99507661145114812,0.27548443307539144,0.50370866356357014,0.30000572067825787,0.30000011406196475,0.30000000268182803,0.30001938413047757,0.30000595525450713,0.38440320481594142,0.43596168669636676,0.8489968746800346,0.84286823678017242,0.29999999999999999,0.30001431206403195,0.30004089851408922,0.30003002909060794,0.37360154737312373,0.36081326336476488,0.4571754929032481,0.30000776574817994,0.29999999999999999,0.43574579851180312,0.30000452875154954,
6.4858459205876704,25.918500900268555,0,0,0.2938351665714935,0.99876502384431765,0.16585565898550958,0.99865202110981532,0.62345319515905318,0.72396471327573075,0.99665425826730636,0.087642762356138867,20825.487088577313,46506.743480875492,46905.322771160703,55177.526853840522,58385.487133518443,61075.968618026265,53860.771249317069,50618.080885204035,41702.740609221895,43973.264809731678,33888.011723302829,26518.949203706365,0.99507661182856921,0.27548443307539144,0.5037086634578567,0.30000572188312397,0.30000011379386571,0.30000375051296552,0.30006023264151171,0.30000595399528124,0.38440124178871743,0.49021019359676227,0.8489968746800346,0.84286823678017242,0.29999999999999999,0.30001431228656122,0.30004089851408922,0.30003003529745942,0.37359569449044289,0.36081351175021625,0.41266437278143286,0.30000776574513133,0.29999999999999999,0.43574579851180312,0.30000134065580553,
2.4148376842653381,30.722589492797852,0,0,0.78243808846535123,0.93276253795004216,0.66280257159140954,0.99548591300272748,0.74575340783684341,0.84322422947693254,0.80098760834995864,0.21534565109983567,29201.064820120733,44709.019228353158,46432.736006179926,55487.26276917175,57970.623586004847,58020.993784544989,53932.397030683678,55437.152846628123,43256.32947883322,39484.843598186118,30070.742808244151,23704.940516507006,0.88889327915045302,0.30049599266565163,0.29999999999999999,0.30000001968071871,0.30000001331971698,0.29999999999999999,0.30000001485525635,0.30000000029927876,0.52476683926760836,0.30000000017917949,0.72122076858275819,0.30000091175080407,0.29999999999999999,0.30004146920499514,0.29999999999999999,0.30000409658847055,0.30022675457341175,0.3289764698725639,0.31575581238102129,0.30000552995704038,0.30000101772341736,0.36096259551705645,0.30000000162286616,
5.93334597607251,28.571430206298828,0,0,0.21471051683800113,0.99899976966691251,0.21513374533553928,0.9989999948114886,0.63568187818276467,0.78625686149539731,0.99784851318180756,0.06204698638777504,20717.79649610303,46063.657648783977,46754.715081097231,54284.511095558366,56458.754483493627,55184.773424840998,53340.728176424782,50302.844762922396,41296.543419397989,42590.093157325107,33986.221376198824,26944.705986742327,0.96214293471152335,0.29333112111881637,0.56412598084754451,0.30000272635683062,0.30000002356714828,0.30000275216950456,0.30002976702824069,0.30132496622089217,0.73458429431628813,0.3435186394166293,0.84883330259286427,0.84872644205575687,0.30000000024735762,0.29999999999999999,0.30001308897589329,0.30003536269326542,0.31432840121515621,0.43165419649346065,0.46779631442970582,0.30000011989515091,0.30003939096258186,0.30088187184903814,0.30160958245434089,
7.9583165562848013,17.003400802612305,0,0,0.018000691948561867,0.99891972231110249,0.42657559201527728,0.99610952093307659,0.59613918615063988,0.70988239046745272,0.99676339158660376,0.20351415825445021,20627.295282614465,46223.306907308317,45496.852098387186,68246.81703641059,62594.280830652577,60517.205021279726,53851.228559190036,51844.431730412347,41714.818328739995,44765.127119726647,36347.662202762855,35197.358401416088,0.96075558026186691,0.2735579205344813,0.30002008875718456,0.30000163646866551,0.30000004587647933,0.30000321003681968,0.30000000059291582,0.30018108039235802,0.38462576034255219,0.40485784558225418,0.8437417433226293,0.84007685904838236,0.30000000041486846,0.30000000520728137,0.30000000067352506,0.30000044325555347,0.30172034923160812,0.62611033955299467,0.30388619791585098,0.32101794142052537,0.30000082301097808,0.43432683954394202,0.29999999999999999,
7.008237820674772,19.561521530151367,0,0,0.39190237789177812,0.99897809385855385,0.69433197250101963,0.99833391261632864,0.62963869613066004,0.6841592329214442,0.99893156993084731,0.20352564909619592,23151.24488953959,47842.471949417268,47929.562403490367,65343.74064340203,64501.917346616108,70211.338096217834,55155.649893431597,54434.375883732559,43468.617406105186,43803.144487848425,37014.071108395969,33944.732734503763,0.99725671838602303,0.27696537768374113,0.30000223450688923,0.30002927774337895,0.3000043624081466,0.30000127776897595,0.30006803850209324,0.30004238784517245,0.32752765242261705,0.30030946218563564,0.84353236646162266,0.84996511356362936,0.30000462596501271,0.30000658743766279,0.30001197812213148,0.30003761746221025,0.31278900988213004,0.31700750378962106,0.49442613289136972,0.41184471327854433,0.30018258150183841,0.30587883409595396,0.65689884730086567,
1.5110890612546524,38.132423400878906,0,0,0.091586642588159684,0.69370686890543332,0.9923417904159969,0.99844833931089105,0.83058661713295212,0.78663681143402209,0.80042576026948176,0.19060683955087301,29194.170663293069,44637.445081655263,47132.116870975893,55534.410104292772,65177.538904576279,59532.936098143182,56679.397124287258,53176.060584364597,45202.806316156253,44768.581259785584,34387.152601433758,28907.100481521997,0.9307415524498226,0.32231608294509323,0.32522051196434082,0.30000089562575205,0.30000022130276555,0.30000303874391393,0.30000300423926957,0.30000085654534936,0.32018420659475588,0.30000655966359374,0.30005671307086601,0.30000002032609835,0.30000001229450729,0.3000058185517111,0.30001192103957769,0.30000243743407318,0.32367798355542521,0.80429137483064594,0.58672868852728921,0.30010442911108598,0.30004448801787009,0.31048132050362098,0.29999999999999999,
8.1958769399721554,15.152288436889648,0,0,0.0095139593790550606,0.9989374168206766,0.84320372273204391,0.99139459722060597,0.59507981870622373,0.6019316768091636,0.99676038501293496,0.20351432061670921,20627.292234443426,45083.481226042466,45776.671616313441,69989.433413227001,63702.502080126673,56153.871678012467,53851.989529328261,51976.565164558291,41708.933089388229,44764.913429798107,36350.312939225805,34439.013169148995,0.96075780283415924,0.26912368445429063,0.29999999999999999,0.30000032505232588,0.30000050077881107,0.30000236987871104,0.30000079717515449,0.30000343750135622,0.34409300065580117,0.42171497610568753,0.84364838153121624,0.84284514642573005,0.30000354580328703,0.30000938912599756,0.29999999999999999,0.30001657446805541,0.30885475883614888,0.33853220234113268,0.49955261043216154,0.31109998745831458,0.30010262813442173,0.43460495750401118,0.30009705487679605,
6.2087118437101907,28.121458053588867,0,0,0.0081559811614874082,0.8466141379646871,0.19404194912881734,0.99899999704163212,0.63568187818276467,0.7862567397138982,0.99784845356095375,0.065229261457341273,20717.793699412778,46565.567238081385,46755.339266617309,54404.027473576374,58119.695349308167,55304.384929259206,53340.465337329384,50301.911208058402,41296.543419397989,42590.093157325107,34017.461301900832,26944.705986742327,0.96214293471152335,0.29333112111881637,0.563086284570813,0.30000011722915049,0.30000000005791788,0.30000000114361625,0.30000182069613013,0.36290019220463543,0.384544390378181,0.35395686681083299,0.84900493908641361,0.848740008995858,0.30005375886903779,0.29999999999999999,0.30000229083922714,0.30117964102568606,0.32203328874411108,0.42603199417940052,0.53310366671476694,0.30001590170197162,0.30003151365117764,0.30428070539009772,0.65779081609096424,
6.9244639928741556,21.229232788085938,0,0,0.39724434391321717,0.99897805441897769,0.49634295538285905,0.99899999989536703,0.62964052429288209,0.68416065664052905,0.99893156993084731,0.20352564909619592,23151.244889549249,47473.314038392731,47930.16851270086,65755.620066246978,64501.893169750343,70147.996650559333,55470.373997173469,54434.375729778469,43468.617406105361,43857.665384603359,37012.709407645933,33944.734731409917,0.9973582110049658,0.2769653772309113,0.3000000000413634,0.30002927413861158,0.30001019266879142,0.30000514619974838,0.30006788550364139,0.30023397796333295,0.3268081325010091,0.30290512143135556,0.84353236194615577,0.849965127289109,0.30000482896364328,0.30000001274336929,0.3000126197505269,0.30003593739588597,0.32393689860303421,0.36557831729697365,0.49732656956028243,0.41255768758574107,0.29999999999999999,0.3042418753027466,0.65672188302939449,
3.3966973156180917,29.160593032836914,0,0,0.56650624062202548,0.99739065895730084,0.63680446288615167,0.99899061398030276,0.66504785545146239,0.78129065514982243,0.9968687001832901,0.20478269919213085,29915.385217487757,46439.063935752332,48142.791999881105,54478.944352081584,56201.571312890126,56967.790255010965,52658.638525464266,47719.429352850704,41289.613180878485,40736.313907794029,32385.146598991556,24527.530362058624,0.85597872805383235,0.3233340153245392,0.30033364387486772,0.29999999999999999,0.30000211091357137,0.30000614261572728,0.3000567606946421,0.30000996227196347,0.32824156997856357,0.30000604310515816,0.84409388735976254,0.30016074524774278,0.29999999999999999,0.30000000551693845,0.30004047122966826,0.30003635595172234,0.29999999999999999,0.31019139144522329,0.30023071941432233,0.29999999999999999,0.3000241140706959,0.42622675222332035,0.31114203619932757,
7.861355251948595,17.737695693969727,0,0,0.018000691948561867,0.99891972231110249,0.42657559199432954,0.99777536972782377,0.59613918615063988,0.70988239046745272,0.99676339158660376,0.20351415825445021,20627.295282614465,46223.306907202379,45496.852098387186,68246.81703641059,62584.403866329398,58392.536817986096,53830.686644587098,51847.553069221191,41714.818328739995,44765.126974413673,36347.662202764572,34476.363469683682,0.96075558026186691,0.2735579205344813,0.30003403236756376,0.30000017471324464,0.3000003881741421,0.30139639592924428,0.30000000136171601,0.30018108092772694,0.34427178895390748,0.40094194562614838,0.8437417433226293,0.84042790066877482,0.30000049252249722,0.30000004220582926,0.3000000174226039,0.30001000343734763,0.30188722265255263,0.34020984241232927,0.4175339917929663,0.32101434730311573,0.30000981371480723,0.43430963756853147,0.30001743562825606,
3.4088890765185407,29.014423370361328,0,0,0.56650624062202548,0.99739065895730084,0.63680446288615167,0.99899061398030276,0.66504785545146239,0.78129065514982243,0.9968687001832901,0.20478269919213085,29915.385217487757,46439.063935752332,48142.791999881105,54478.944352081584,56125.106798141598,56967.790255010965,52658.638368570988,47719.429352850704,41289.613180878485,40736.313907794029,32385.146598991556,24527.530362058624,0.85597872805383235,0.3233340153245392,0.30033364387486772,0.29999999999999999,0.30000211091357137,0.30000614261572728,0.30000144698293152,0.30000996227196347,0.35843516926799679,0.30000604310515816,0.84409388735976254,0.30016074524774278,0.29999999999999999,0.30000000551693845,0.30004047122966826,0.30003635595172234,0.29999999999999999,0.31019139144522329,0.30023071941432233,0.29999999999999999,0.3000241140706959,0.42622675222332035,0.31114203619932757,
5.9410546163010691,28.422231674194336,0,0,0.21471051683800113,0.99899976966691251,0.21513374533553928,0.99899999467944622,0.63568187818276467,0.78625686149539731,0.99784851318180756,0.06204698638777504,20717.79649610303,46063.657648783977,46765.272915814858,54284.511095558366,56458.754483493627,55184.773424840998,53340.728176424782,50302.844762922396,41296.543419397989,42590.093157325107,33986.221376198824,26944.705986742327,0.96214293471152335,0.29333112111881637,0.56412598084754451,0.30000274087520507,0.30000002356714828,0.30000275218114481,0.30002976702824069,0.30132496622089217,0.73458429431628813,0.3435186394166293,0.84883327316353607,0.84872644205575687,0.30000000047798792,0.29999999999999999,0.3000138821831716,0.30003536269326542,0.31432840121515621,0.43165419649346065,0.46779631442970582,0.30000011989515091,0.30003955191423598,0.43385787681638699,0.30160850151411966,
1.2765217008699432,40.720550537109375,0,0,0.046442678577248875,0.72765641235128253,0.999,0.97814647887009054,0.8457067528320531,0.75997291878189599,0.79369308326828591,0.19197366442504551,29231.635552542088,44523.70770986961,47197.720606180439,70999.727708746388,66573.081540789717,59030.015900306636,58198.904658423387,54296.252350137715,47139.081520315151,41776.337255631588,31820.958457511639,28968.366486603722,0.9281363244254156,0.34081460906758182,0.29999999999999999,0.30000000241948888,0.30000015874278702,0.30000281289262398,0.30000084724474746,0.30000000033233576,0.30002267622733769,0.30000004878395892,0.30001275611515271,0.30000010203249955,0.30000000665168619,0.30000000473480004,0.30000031304544822,0.30000059773387955,0.30239344896756654,0.81105167450780613,0.4522079227204911,0.30000213546146237,0.30000200319470016,0.30000260821664781,0.30191487501334346,
7.1033993471747507,18.671890258789063,0,0,0.25767802818928232,0.99899999999861733,0.4875739249077467,0.99797535438162566,0.6296387702784616,0.68386089430352914,0.99893156814801176,0.20352564909619592,23151.244890439899,47464.638697971597,47787.816098354429,65466.1715489985,64502.722671750977,70087.872133273384,55461.153070076871,54434.091064204738,43468.617406105201,43857.102830095078,37012.709407645933,34713.359587786974,0.99725526160610323,0.27696537770803875,0.30006285925198817,0.300029265546712,0.30002088197047633,0.30000363542499292,0.30006426212898829,0.300819907682082,0.39735513733618555,0.30118735727649665,0.8435324168070889,0.84996513243807437,0.30003458698497631,0.3000065731337947,0.30006095051516568,0.30003592428589321,0.32479478352315255,0.63375618528944755,0.44638077494180883,0.40759203587758525,0.30000006678580393,0.30422368865877608,0.65659937745812336,
7.0569083966376374,18.898223876953125,0,0,0.25767802818928232,0.99899999999861733,0.4875739249077467,0.99797535438162566,0.6296387702784616,0.68386089430352914,0.99893156814801176,0.20352564909619592,23151.244890439899,47464.638697971597,47787.816098354429,65466.1715489985,64502.722671750977,70087.872133273384,55461.153070076871,54434.091064204738,43468.617406105201,43857.102830095078,37012.709407645933,34713.359587786974,0.99725526160610323,0.27696537770803875,0.30006285925198817,0.300029265546712,0.30002088197047633,0.30000363542499292,0.30006426212898829,0.300819907682082,0.39735513733618555,0.30118735727649665,0.8435324168070889,0.84996513243807437,0.30003458698497631,0.3000065731337947,0.30006095051516568,0.30003592428589321,0.32479478352315255,0.33549671747849713,0.44638077494180883,0.40759203587758525,0.30000006678580393,0.30422368865877608,0.65659937745812336,
6.2603132345527204,27.969858169555664,0,0,0.014940980644806486,0.8466141379646871,0.16401719264216541,0.99899999801758144,0.63568187818276467,0.78625674059513706,0.99784845356095375,0.065229020360515269,20717.793748868495,46517.178893308948,46755.33926997181,54248.536573082609,58119.695349308167,55304.42339628355,53340.519753587367,50301.911209101963,41296.543419397989,42590.093157325107,34018.259194332721,26944.705986742327,0.96214293471152335,0.29333112111881637,0.5504551114339099,0.30000001530314113,0.30000000711328045,0.30000000001064908,0.30000091585305622,0.30000052048321157,0.38454825974408263,0.345185583920738,0.84900493908641361,0.84872644205575687,0.30005375886903779,0.29999999999999999,0.30000251937759059,0.30117963784898755,0.29999999999999999,0.42536279116292497,0.53300702690372248,0.30001880443481449,0.30003151365117764,0.30400628339359681,0.65776547433439747,
7.8587816632245593,17.975795745849609,0,0,0.018000691948561867,0.99891972231110249,0.42657559196663958,0.99781794324214224,0.59613918615063988,0.70988239046745272,0.99676339158660376,0.20351415825445021,20627.295282614465,46223.306907308179,45496.852098387186,68246.81703641059,62594.283561571785,58391.25238728695,53831.713779777674,51875.554430165517,41714.818328739995,44765.126974421779,36347.662202764339,34476.363469683682,0.96075558026186691,0.2735579205344813,0.30000608028111658,0.30000018219289382,0.30000038793500861,0.30136507525742146,0.3000000013585789,0.30018108092772694,0.34427178895390748,0.40091564497495802,0.8437417433226293,0.84042790108132104,0.3000000179330915,0.30000000502437019,0.30000001748215738,0.30000054899660417,0.30184398794840961,0.3418363185988838,0.42054268952238905,0.32101405853854709,0.30000145413552115,0.43430964190741472,0.30001721164494766,
0.2758289539348302,46.838848114013672,0,0,0.015144236562807167,0.79101643075418382,0.58028886777844479,0.99548285321078356,0.96817245310153166,0.88054139650371299,0.80763510643635905,0.26732154140555925,31949.830767690211,44428.084260734642,58507.52431165483,64888.136744727854,66957.11857760424,63485.609719505213,61510.265899500635,60769.77350347281,54364.519755549198,45407.068359749654,34860.238540037972,30448.159791178572,0.99203840992212966,0.60893910640084836,0.30000558679799905,0.29999999999999999,0.30000001046342339,0.30000112006989249,0.30000210023474766,0.30000484518950166,0.32853971283828626,0.29999999999999999,0.3000058226663741,0.29999999999999999,0.29999999999999999,0.30000017492021386,0.30001321405187398,0.30709644740148084,0.30933255826267292,0.84471675672932633,0.30785494665704594,0.68650558319327093,0.30002012932499666,0.35776721666445715,0.29999999999999999,
1.2859713334402483,40.616004943847656,0,0,0.57109036325246332,0.7273564427100021,0.999,0.97814647887009054,0.8457067528320531,0.75997291878189599,0.79371012009124209,0.19197366442504551,29231.635552542088,44523.70770986961,47174.329179514993,70999.727708746388,66573.081540789717,59030.016543390208,58198.904658423387,54291.011942189187,47139.081538518381,41917.984500097344,31820.958457511639,28968.366486603722,0.9281363244254156,0.34081460906758182,0.29999999999999999,0.29999999999999999,0.29999999999999999,0.30000079000437047,0.29999999999999999,0.30000000014272099,0.30002267622733769,0.30000006331511964,0.30001274125852112,0.30000013186328778,0.29999999999999999,0.30000000557243328,0.30003092988431579,0.30000059440807703,0.29999999999999999,0.81105167450780613,0.45220817578596217,0.30000221560037005,0.30000200315525077,0.3000002687033464,0.29999999999999999,
6.8967883434022719,23.328474044799805,0,0,0.5733316422917869,0.99855935421174891,0.51294470702013151,0.99825583242717686,0.62963770392142948,0.67732237498504111,0.99899940998838122,0.20352564852863872,23151.244894703526,47851.48814886676,49807.312794158213,65718.174244785187,65312.866605928073,71256.225023980194,55218.84632801963,54920.279790023509,43468.617407469006,44011.685425456708,37012.701054711404,34016.839099389559,0.99725647078036572,0.27692106487072415,0.30005022951278104,0.30003602580246086,0.30002281771814693,0.30002713497055972,0.30007461592895068,0.30216728699165279,0.33088257344856586,0.30751658318166392,0.84352740356478506,0.84996278316961116,0.30003828984959102,0.30025028931988601,0.30005748662603282,0.30077350249459633,0.32342957270741762,0.30068841149027409,0.68947795274878398,0.57281827629684634,0.30006649971374028,0.42489400874837696,0.30665581785128665,
0.15765163095544996,52.000785827636719,0,0,0.61482126635495138,0.96398482367273675,0.11074113359901615,0.999,0.98049749256816177,0.89085706438493373,0.80781826237788812,0.18529531481799227,31995.497847011218,44556.796363399641,58682.156054709842,70121.37444057464,70597.517597333179,71535,66914.513635611976,59684.041973249849,54696.349589195888,45385.690605789452,34552.204893527378,31903.278628028296,0.91342171135095018,0.62265486062161424,0.3000005279850696,0.30000003166096079,0.29999999999999999,0.30000176365803383,0.30001370665159327,0.30004355270603877,0.40308235672744974,0.32150452900795717,0.30000056791603907,0.29999999999999999,0.30001524110374611,0.3000577413114407,0.30000026991176859,0.30218608839255434,0.39356157870022856,0.80255117134599929,0.30001699627702805,0.39980750977760815,0.32074601762479776,0.30028842195126182,0.30208488967085367,
1.2500580564730761,42.558483123779297,0,0,0.002073534635346905,0.72806260357215336,0.99802359155775,0.999,0.8457284704551743,0.76475727964186979,0.79371009036403284,0.19197373794917058,29197.496983030927,44523.772007170635,47734.529497551623,70553.219829604903,65471.654263620418,59632.70690462731,57387.813338555199,53638.02696371104,45374.716358454018,42111.456812782089,32044.53277531069,29542.536883608562,0.93214309749920055,0.3405746912373171,0.29999999999999999,0.30003429617334454,0.29999999999999999,0.30000635245792956,0.30000408953932989,0.29999999999999999,0.39470968273273277,0.29999999999999999,0.30000237347009989,0.30000300353332893,0.30000038835146209,0.30000497950312888,0.30001298093449391,0.29999999999999999,0.29999999999999999,0.81105538765945573,0.50771558094935354,0.29999999999999999,0.29999999999999999,0.29999999999999999,0.30022672247177351,
6.4558887210266489,26.566562652587891,0,0,0.29383516576217178,0.99878799158091092,0.1392814256133148,0.99865202110981532,0.62345319515905318,0.72396471327573075,0.99665425826730636,0.087566019333478809,20825.487088577283,46506.743480875492,46905.322771160703,55177.526853841271,58385.487133518443,61075.968618026265,53860.771251642451,50618.080917686042,41702.74060922135,43973.264809731678,33888.011723302829,26518.949203706365,0.99507661160422634,0.27548443307539144,0.50370866356357014,0.30000572066240899,0.30000011406196475,0.30000001531598325,0.30001938419439889,0.3000000513933172,0.34430970307469838,0.43596173621958656,0.8489968746800346,0.84286823678017242,0.29999999999999999,0.30001431206403195,0.30004089851408922,0.30003028872665094,0.31453425485897368,0.4302098550363247,0.45714990537306016,0.30000776574817994,0.29999999999999999,0.43574579851180312,0.30000452847737658,
2.8389864253679673,30.444553375244141,0,0,0.47242590774247284,0.99509837771555087,0.99899929448614622,0.961691614823874,0.71521854074676849,0.84400836919943822,0.80267859386965512,0.2124903620721455,29399.686297311797,44879.385243028722,45719.432016676212,55078.83402485869,58341.977647168918,57827.914265386578,53166.32359835472,55782.774295721647,42559.306678099951,44940.373253174104,33083.666250379938,23774.01056687281,0.90523519247376927,0.31548716009396804,0.32868370226843413,0.30000271281533525,0.3000015099418572,0.30000179971952895,0.30000102218274372,0.30222352133430241,0.47266315014707477,0.29999999999999999,0.75836058741211909,0.30015860827322127,0.30555399732371041,0.30000011991676423,0.30000007142838647,0.30372542978014327,0.30355198514391474,0.322118437613168,0.39867156382786328,0.30025271650271257,0.29999999999999999,0.3003964831416534,0.29999999999999999,
9.9469766846793419,12.371791839599609,0,0,0.21055837937946395,0.99872054698337143,0.65182759355493536,0.99899706734623017,0.52028908293983145,0.79417614540331738,0.99669734608676841,0.20361344906065268,20363.82043975584,45060.831883360588,43836.844237375146,70247.136006260669,63209.614933273304,55675.844499515566,53182.29863715668,50937.118626710799,40772.167482995224,40843.670691572981,37346.193789045872,33736.606329483591,0.99733242893845653,0.26501005007288114,0.30010595281447755,0.33213650498821784,0.30000000363350277,0.30096169062421935,0.30005109799772178,0.34129907879775834,0.34478942484007902,0.54432021577232192,0.84970803696107111,0.84654924959642619,0.30010787484743257,0.30052260963894029,0.30000016670831542,0.30108643742303515,0.30206878575045537,0.33113101073743206,0.50125510122190575,0.66772809574196534,0.30000292726444233,0.32821639745454684,0.48365634407001928,
1.2489076489568052,42.658271789550781,0,0,0.03673079308954319,0.72806260357215336,0.99802359155775,0.999,0.8457284704551743,0.76466281840592865,0.79371009036403284,0.19197373794917058,29197.496983030927,44523.772007170635,47734.540330516873,70553.219829604903,65471.654263620418,59632.70690462731,57387.813338555199,53638.02696371104,45374.716358454018,41992.923210454857,32044.53277531069,29542.536883608562,0.93214309749920055,0.3405746912373171,0.29999999999999999,0.30003429617334454,0.29999999999999999,0.30000268952299275,0.30000408953932989,0.29999999999999999,0.38346436994962718,0.29999999999999999,0.30000237347009989,0.30000300353332893,0.30000038835146209,0.30000497950312888,0.30001298234436802,0.29999999999999999,0.29999999999999999,0.81105538765945573,0.50771558094935354,0.29999999999999999,0.29999999999999999,0.29999999999999999,0.30022682576150561,
6.4153148025123459,26.884737014770508,0,0,0.32034829457544728,0.99876270891000007,0.15864087393340745,0.99865202110981532,0.62406574839766304,0.7426158831088252,0.99665425826730636,0.084057766011643636,20825.487088577313,46507.798706698159,46905.322771160703,55177.526853832169,58385.487090473471,61161.33434435034,53870.151212442768,51233.095365649882,41727.765044997061,42784.835634698087,33793.097335455641,26518.949203706365,0.99507662797814156,0.27548443307539144,0.49127640881177265,0.300000589432595,0.30000011442451058,0.30000019528893124,0.30002340019130846,0.30000613180334734,0.3441622902159957,0.43327565207920871,0.84884389836779883,0.84286823678017242,0.29999999999999999,0.30001494718282989,0.30000000030955359,0.30003222460302481,0.36845415464265674,0.36083761763224342,0.45765856187747628,0.30000713749788022,0.29999999999999999,0.43574579806262814,0.30003060765410217,
1.5316321983846313,37.683788299560547,0,0,0.030927026297156719,0.69370686890543332,0.99234556717921196,0.99844834018157402,0.83058661713295212,0.78664867658046833,0.80042576026948176,0.19060683955087301,29194.170663293069,44637.698279319113,47132.116870975893,55492.68914950655,65879.710678533447,59758.215111087244,56679.397124287258,53176.060584364597,45202.804511169001,44768.581259785584,34557.773826977114,28871.396270615376,0.9307415524498226,0.32231608294509323,0.30000392217098315,0.30000088608577202,0.30000022719376657,0.30000296154269795,0.30000002686668248,0.30000085648430469,0.38887930692545636,0.30000651726197031,0.30001436651679381,0.30000000818512212,0.30000046437581207,0.30000001184565628,0.30000055810209536,0.30005694980861436,0.3012853728421086,0.80429137483064594,0.59161929023453208,0.30031212656517237,0.30004467558477077,0.30089281169236343,0.30104608301969848,
0.29918755613215525,44.797351837158203,0,0,0.0041962107730089248,0.96809892445240553,0.60637861676825644,0.999,0.92791208111096923,0.87255968548157403,0.79125972487364427,0.22179252483859932,32093.810110400176,44588.521572010017,57209.667633485253,68102.951244283919,65553.172988716411,69291.153860475431,63676.958221991998,60365.275705932181,52685.469345732701,45407.799083999562,34747.196193619908,31290.740530597221,0.91423269985748701,0.62631807433285702,0.29999999999999999,0.30001062852209315,0.30000218291538439,0.29999999999999999,0.30000982899049011,0.30029040611426649,0.42003574701259744,0.3000118221497175,0.30000000002990573,0.30000139236713397,0.30002689718972453,0.30002101719563745,0.30026756498884988,0.7431317297376534,0.29999999999999999,0.8077538482684854,0.67430397872214765,0.50925812790153036,0.55682509015473192,0.35054732622824314,0.29999999999999999,
